feature,train_median,val_median,median_class_ratio,classes_val_higher,sign_test_p,within_class_AUC
mean_r,87.46919250488281,86.10617065429688,0.9917364651106115,7/20,0.26317596435546875,0.4891435773345482
mean_g,89.30873107910156,88.05278015136719,0.9930032611375679,10/20,1.0,0.49055367014275586
mean_b,79.19129943847656,78.09803771972656,0.994325674227559,9/20,0.8238029479980469,0.49424466808410095
std_gray,34.36105164149171,33.32124144726979,0.9866138551124766,9/20,0.8238029479980469,0.4779650359420876
sat_mean,48.12782287597656,47.33772277832031,0.9820815624116188,8/20,0.5034446716308594,0.4750380014174344
p01,22.98745,22.70875,1.053313155384659,12/20,0.5034446716308594,0.5081114498329452
p99,182.87145000000004,177.93020000000004,0.9911889390685484,8/20,0.5034446716308594,0.4663870743478114
lap_var,691.3349323165587,599.9190307755126,0.9135160021297515,6/20,0.11531829833984375,0.4527682859167763
noise_sigma,2.1316420373691485,1.877318724227496,0.9300017399089389,4/20,0.01181793212890625,0.45055763760926054
hf_ratio,0.0021671672646273,0.0017724733139253,0.9375445040626436,8/20,0.5034446716308594,0.44764157200229493
mf_ratio,0.0097883993506884,0.0078678520634953,0.870826723369635,6/20,0.11531829833984375,0.43809694576625835
blockiness,1.0483629482167771,1.057515143418444,1.007539962263491,15/20,0.04138946533203125,0.5484575289392866
file_kb,22.3291015625,20.9404296875,0.9691788107391652,5/20,0.04138946533203125,0.4312021180520401
