epoch,train_loss,train_acc,minutes
1,1.7893792420960544,0.5705758426966292,0.9241583665211995
2,1.1575768047504211,0.8030196629213483,0.928810445467631
3,1.00148194760419,0.8588483146067416,0.9285446286201477
4,0.9390538375029404,0.8846558988764045,0.9161936521530152
5,0.9120594102345155,0.8971207865168539,0.9199451684951783
6,0.8610945183239626,0.9132724719101124,0.9229217211405436
7,0.8446562417437521,0.9224016853932584,0.9195037364959717
8,0.8094972398843658,0.9336376404494382,0.9233280897140503
9,0.7839807804380909,0.9431179775280899,0.9241277813911438
10,0.7719719111919403,0.9443469101123596,0.9170157869656881
11,0.7540885732415017,0.952247191011236,0.9202816367149353
12,0.7334883464186379,0.9608497191011236,0.9226244171460469
13,0.7249308871419242,0.9617275280898876,0.9188657999038696
14,0.7028632411796055,0.9713834269662921,0.9176089485486348
15,0.6972103872325983,0.9727879213483146,0.9263443231582642
16,0.6836583065182975,0.9771769662921348,0.9226652264595032
17,0.6829633150207862,0.9764747191011236,0.9191279252370198
18,0.6747946846351195,0.9796348314606742,0.922998293240865
19,0.6699678258279737,0.9813904494382022,0.9273892839749655
20,0.6658087285716882,0.9822682584269663,0.9207252661387125
