id,label
2.jpg,4
4.jpg,14
5.jpg,11
7.jpg,18
8.jpg,3
12.jpg,8
13.jpg,15
14.jpg,6
17.jpg,18
18.jpg,1
19.jpg,1
20.jpg,3
21.jpg,5
22.jpg,10
23.jpg,1
24.jpg,5
25.jpg,1
26.jpg,3
27.jpg,13
28.jpg,3
31.jpg,6
33.jpg,18
34.jpg,1
35.jpg,17
36.jpg,2
38.jpg,14
40.jpg,14
41.jpg,16
42.jpg,0
43.jpg,18
47.jpg,12
48.jpg,8
49.jpg,8
50.jpg,14
51.jpg,3
52.jpg,16
53.jpg,8
54.jpg,13
55.jpg,3
56.jpg,1
59.jpg,1
61.jpg,3
62.jpg,14
63.jpg,3
64.jpg,14
65.jpg,14
66.jpg,1
67.jpg,0
68.jpg,10
69.jpg,1
71.jpg,0
72.jpg,1
73.jpg,14
74.jpg,3
75.jpg,4
78.jpg,1
80.jpg,11
82.jpg,1
87.jpg,1
91.jpg,3
92.jpg,3
93.jpg,6
94.jpg,5
100.jpg,1
103.jpg,2
105.jpg,3
111.jpg,2
114.jpg,1
115.jpg,13
116.jpg,1
119.jpg,15
120.jpg,1
123.jpg,14
124.jpg,14
126.jpg,3
128.jpg,3
130.jpg,1
131.jpg,1
133.jpg,3
134.jpg,13
135.jpg,12
136.jpg,16
137.jpg,1
139.jpg,1
144.jpg,3
145.jpg,14
146.jpg,3
149.jpg,0
150.jpg,14
151.jpg,1
153.jpg,1
156.jpg,1
157.jpg,1
158.jpg,1
159.jpg,6
161.jpg,16
162.jpg,11
163.jpg,1
164.jpg,1
167.jpg,18
169.jpg,6
170.jpg,14
174.jpg,1
175.jpg,4
178.jpg,4
181.jpg,14
182.jpg,12
183.jpg,3
184.jpg,13
185.jpg,16
186.jpg,1
187.jpg,15
189.jpg,1
192.jpg,1
193.jpg,1
195.jpg,1
198.jpg,16
200.jpg,1
201.jpg,16
203.jpg,1
206.jpg,1
208.jpg,5
210.jpg,3
211.jpg,15
212.jpg,1
213.jpg,8
215.jpg,1
218.jpg,1
219.jpg,4
221.jpg,15
222.jpg,1
223.jpg,1
224.jpg,1
225.jpg,1
226.jpg,4
228.jpg,3
229.jpg,13
230.jpg,6
235.jpg,11
237.jpg,4
239.jpg,3
240.jpg,11
241.jpg,1
243.jpg,1
246.jpg,1
248.jpg,2
249.jpg,1
250.jpg,3
251.jpg,1
252.jpg,1
255.jpg,15
258.jpg,5
260.jpg,6
261.jpg,16
262.jpg,8
263.jpg,1
264.jpg,18
266.jpg,15
268.jpg,1
269.jpg,12
270.jpg,6
274.jpg,13
276.jpg,18
277.jpg,16
278.jpg,15
281.jpg,8
282.jpg,1
283.jpg,17
284.jpg,1
285.jpg,1
286.jpg,4
287.jpg,3
288.jpg,5
289.jpg,1
290.jpg,1
292.jpg,13
296.jpg,14
299.jpg,1
302.jpg,3
303.jpg,11
304.jpg,1
305.jpg,3
307.jpg,16
308.jpg,15
309.jpg,1
310.jpg,8
311.jpg,3
314.jpg,1
315.jpg,1
316.jpg,1
318.jpg,3
321.jpg,1
324.jpg,4
326.jpg,14
331.jpg,3
334.jpg,3
336.jpg,1
337.jpg,18
339.jpg,1
341.jpg,5
342.jpg,8
344.jpg,1
345.jpg,15
346.jpg,3
350.jpg,5
351.jpg,5
352.jpg,1
356.jpg,13
357.jpg,14
358.jpg,18
359.jpg,1
361.jpg,3
362.jpg,5
363.jpg,1
365.jpg,5
366.jpg,16
367.jpg,1
368.jpg,4
371.jpg,14
372.jpg,18
374.jpg,1
376.jpg,5
378.jpg,18
380.jpg,15
381.jpg,14
382.jpg,18
383.jpg,4
386.jpg,1
387.jpg,3
388.jpg,11
394.jpg,5
395.jpg,3
396.jpg,6
397.jpg,1
398.jpg,1
400.jpg,0
403.jpg,8
405.jpg,15
406.jpg,1
408.jpg,4
410.jpg,3
411.jpg,14
412.jpg,1
416.jpg,15
418.jpg,15
419.jpg,3
420.jpg,3
425.jpg,8
426.jpg,0
429.jpg,3
430.jpg,2
431.jpg,1
432.jpg,3
434.jpg,0
435.jpg,1
438.jpg,1
439.jpg,1
441.jpg,11
442.jpg,1
443.jpg,3
445.jpg,11
447.jpg,13
449.jpg,8
450.jpg,5
453.jpg,16
454.jpg,15
455.jpg,1
456.jpg,1
457.jpg,18
458.jpg,1
460.jpg,1
462.jpg,5
464.jpg,8
465.jpg,15
466.jpg,19
467.jpg,14
468.jpg,1
469.jpg,3
470.jpg,15
473.jpg,8
474.jpg,11
475.jpg,14
477.jpg,3
478.jpg,1
481.jpg,1
482.jpg,14
483.jpg,4
484.jpg,1
485.jpg,4
486.jpg,3
487.jpg,15
488.jpg,1
490.jpg,4
491.jpg,3
493.jpg,1
494.jpg,6
495.jpg,14
498.jpg,3
499.jpg,16
504.jpg,13
